Rank,Product,Category,Designer,Model / Search Link,License,Verification,Image File,Est. Print Hours,Est. Filament g,Est. Material Cost,Supports,Layer Height mm,Difficulty,Best Colors,Price Low,Price High,Est. Profit,Profit Score (1-5),Beginner Score (1-5),Customization Ideas,Suggested Listing Title,SEO Tags,Website Category,Season,Legal / Production Notes
1,Strong Cable Clip,Cable Management,faern,https://www.thingiverse.com/thing:4913304,CC BY,Verified direct page,Catalog_Images/001_Strong_Cable_Clip.png,1.4,38,0.68,Usually no,0.3,Easy,"Black, gray, white",8,15,9.57,3,5,Size variants; screw/adhesive versions; logo; color coding,3D Printed Strong Cable Clip – Custom Colors,"strong, cable, clip, 3d printed, custom gift",Cable Management,Year-round,Re-check the live model page immediately before first commercial sale.
2,ECG Cable Guide,Cable Management,Socol6,https://www.thingiverse.com/thing:6273565,CC0,Verified direct page,Catalog_Images/002_ECG_Cable_Guide.png,1.4,38,0.68,Usually no,0.3,Easy,"Black, gray, white",8,15,9.57,3,5,Size variants; screw/adhesive versions; logo; color coding,3D Printed ECG Cable Guide – Custom Colors,"ecg, cable, guide, 3d printed, custom gift",Cable Management,Year-round,Re-check the live model page immediately before first commercial sale.
3,Ender 3 Ultimate Cable Clip Collection,Cable Management,underscored,https://www.thingiverse.com/thing:4144671,CC BY,Verified direct page,Catalog_Images/003_Ender_3_Ultimate_Cable_Clip_Collection.png,1.4,38,0.68,Usually no,0.3,Easy,"Black, gray, white",8,15,9.57,3,5,Size variants; screw/adhesive versions; logo; color coding,3D Printed Ender 3 Ultimate Cable Clip Collection – Custom Colors,"ender, ultimate, cable, clip, collection, 3d printed, custom gift",Cable Management,Year-round,Re-check the live model page immediately before first commercial sale.
4,Cable Holder,Cable Management,TJH5,https://www.thingiverse.com/thing:2481258,CC BY,Verified direct page,Catalog_Images/004_Cable_Holder.png,1.4,38,0.68,Usually no,0.3,Easy,"Black, gray, white",8,15,9.57,3,5,Size variants; screw/adhesive versions; logo; color coding,3D Printed Cable Holder – Custom Colors,"cable, holder, 3d printed, custom gift",Cable Management,Year-round,Re-check the live model page immediately before first commercial sale.
5,Quest 3 Cable Clip,Cable Management,eGaD86,https://www.thingiverse.com/thing:6380042,CC BY,Verified direct page,Catalog_Images/005_Quest_3_Cable_Clip.png,1.4,38,0.68,Usually no,0.3,Easy,"Black, gray, white",8,15,9.57,3,5,Size variants; screw/adhesive versions; logo; color coding,3D Printed Quest 3 Cable Clip – Custom Colors,"quest, cable, clip, 3d printed, custom gift",Cable Management,Year-round,Re-check the live model page immediately before first commercial sale.
6,Cable Clip 4 Rows 4mm,Cable Management,kmakerbot,https://www.thingiverse.com/thing:6444569,CC BY-SA,Verified direct page,Catalog_Images/006_Cable_Clip_4_Rows_4mm.png,1.4,38,0.68,Usually no,0.3,Easy,"Black, gray, white",8,15,9.57,3,5,Size variants; screw/adhesive versions; logo; color coding,3D Printed Cable Clip 4 Rows 4mm – Custom Colors,"cable, clip, rows, mm, 3d printed, custom gift",Cable Management,Year-round,Re-check the live model page immediately before first commercial sale.
7,Appliance Cord Storage,Cable Management,ubs__889675,https://www.thingiverse.com/thing:6539136,CC BY-SA,Verified direct page,Catalog_Images/007_Appliance_Cord_Storage.png,1.4,38,0.68,Usually no,0.3,Easy,"Black, gray, white",8,15,9.57,3,5,Size variants; screw/adhesive versions; logo; color coding,3D Printed Appliance Cord Storage – Custom Colors,"appliance, cord, storage, 3d printed, custom gift",Cable Management,Year-round,Re-check the live model page immediately before first commercial sale.
8,IKEA TÅGARP Cable Clip,Cable Management,Michael_J,https://www.thingiverse.com/thing:6266003,CC BY-SA,Verified direct page,Catalog_Images/008_IKEA_T_GARP_Cable_Clip.png,1.4,38,0.68,Usually no,0.3,Easy,"Black, gray, white",8,15,9.57,3,5,Size variants; screw/adhesive versions; logo; color coding,3D Printed IKEA TÅGARP Cable Clip – Custom Colors,"ikea, t, garp, cable, clip, 3d printed, custom gift",Cable Management,Year-round,Re-check the live model page immediately before first commercial sale.
9,Ender 3 Cable Clips,Cable Management,Holspeed,https://www.thingiverse.com/thing:2960375,CC BY,Verified direct page,Catalog_Images/009_Ender_3_Cable_Clips.png,1.4,38,0.68,Usually no,0.3,Easy,"Black, gray, white",8,15,9.57,3,5,Size variants; screw/adhesive versions; logo; color coding,3D Printed Ender 3 Cable Clips – Custom Colors,"ender, cable, clips, 3d printed, custom gift",Cable Management,Year-round,Re-check the live model page immediately before first commercial sale.
10,Cable Clip for 2020 Profile,Cable Management,Jacky77,https://www.thingiverse.com/thing:2333023,CC BY,Verified direct page,Catalog_Images/010_Cable_Clip_for_2020_Profile.png,1.4,38,0.68,Usually no,0.3,Easy,"Black, gray, white",8,15,9.57,3,5,Size variants; screw/adhesive versions; logo; color coding,3D Printed Cable Clip for 2020 Profile – Custom Colors,"cable, clip, for, profile, 3d printed, custom gift",Cable Management,Year-round,Re-check the live model page immediately before first commercial sale.
11,Universal Phone Stand,Phone & Tech,BCN3D,https://www.thingiverse.com/thing:1464340,CC BY,Verified direct page,Catalog_Images/011_Universal_Phone_Stand.png,2.1,60,1.08,Usually no,0.4,Easy,"Matte black, white, brand colors",12,24,15.67,4,5,Name/logo; cable slot; device-size options; multi-color accent,3D Printed Universal Phone Stand – Custom Colors,"universal, phone, stand, 3d printed, custom gift",Phone & Tech,Year-round,Re-check the live model page immediately before first commercial sale.
12,Horizontal Phone Stand,Phone & Tech,HPonstein,https://www.thingiverse.com/thing:1802525,CC BY,Verified direct page,Catalog_Images/012_Horizontal_Phone_Stand.png,2.1,60,1.08,Usually no,0.4,Easy,"Matte black, white, brand colors",12,24,15.67,4,5,Name/logo; cable slot; device-size options; multi-color accent,3D Printed Horizontal Phone Stand – Custom Colors,"horizontal, phone, stand, 3d printed, custom gift",Phone & Tech,Year-round,Re-check the live model page immediately before first commercial sale.
13,Adjustable Credit Card Phone Stand,Phone & Tech,jq910,https://www.thingiverse.com/thing:5424800,CC BY,Verified direct page,Catalog_Images/013_Adjustable_Credit_Card_Phone_Stand.png,2.1,60,1.08,Usually no,0.4,Easy,"Matte black, white, brand colors",12,24,15.67,4,5,Name/logo; cable slot; device-size options; multi-color accent,3D Printed Adjustable Credit Card Phone Stand – Custom Colors,"adjustable, credit, card, phone, stand, 3d printed, custom gift",Phone & Tech,Year-round,Re-check the live model page immediately before first commercial sale.
14,Mobile Holder,Phone & Tech,Lerum2022,https://www.thingiverse.com/thing:6748517,CC BY-SA,Verified direct page,Catalog_Images/014_Mobile_Holder.png,2.1,60,1.08,Usually no,0.4,Easy,"Matte black, white, brand colors",12,24,15.67,4,5,Name/logo; cable slot; device-size options; multi-color accent,3D Printed Mobile Holder – Custom Colors,"mobile, holder, 3d printed, custom gift",Phone & Tech,Year-round,Re-check the live model page immediately before first commercial sale.
15,Lucky 13 Jointed Figure,Toys & Figures,soozafone,https://www.printables.com/model/148367-lucky-13-printable-jointed-figure,CC BY 4.0,Verified direct page,Catalog_Images/015_Lucky_13_Jointed_Figure.png,4.3,120,2.16,Check orientation,0.2,Easy–Medium,"Rainbow silk, bright colors",12,28,16.59,5,4,Size tiers; themed colors; name tag; bundle/family sets,3D Printed Lucky 13 Jointed Figure – Custom Colors,"lucky, jointed, figure, 3d printed, custom gift",Toys & Figures,Year-round,Re-check the live model page immediately before first commercial sale.
16,Articulated Spider,Toys & Figures,soozafone,https://www.printables.com/model/618300-articulated-spider,CC BY 4.0,Verified direct page,Catalog_Images/016_Articulated_Spider.png,4.3,120,2.16,Check orientation,0.2,Easy–Medium,"Rainbow silk, bright colors",12,28,16.59,5,4,Size tiers; themed colors; name tag; bundle/family sets,3D Printed Articulated Spider – Custom Colors,"articulated, spider, 3d printed, custom gift",Toys & Figures,Year-round,Re-check the live model page immediately before first commercial sale.
17,Articulated Bear Cub Fidget,Toys & Fidgets,3D Printy,https://www.printables.com/model/1101104-articulated-bear-cub-fidget,CC BY 4.0,Verified direct page,Catalog_Images/017_Articulated_Bear_Cub_Fidget.png,2.2,62,1.12,Usually no,0.2,Easy,"Silk, dual-color, glow",8,18,10.63,4,5,Keychain version; texture; multi-color caps; gift bundle,3D Printed Articulated Bear Cub Fidget – Custom Colors,"articulated, bear, cub, fidget, 3d printed, custom gift",Toys & Fidgets,Year-round,Re-check the live model page immediately before first commercial sale.
18,Shutter Fidget,Toys & Fidgets,3D Printy,https://www.printables.com/model/534358-shutter-fidget,CC BY 4.0,Verified direct page,Catalog_Images/018_Shutter_Fidget.png,2.2,62,1.12,Usually no,0.2,Easy,"Silk, dual-color, glow",8,18,10.63,4,5,Keychain version; texture; multi-color caps; gift bundle,3D Printed Shutter Fidget – Custom Colors,"shutter, fidget, 3d printed, custom gift",Toys & Fidgets,Year-round,Re-check the live model page immediately before first commercial sale.
19,Pop Fidget Chain,Toys & Fidgets,3D Printy,https://www.printables.com/model/769882-pop-fidget-chain,CC BY 4.0,Verified direct page,Catalog_Images/019_Pop_Fidget_Chain.png,2.2,62,1.12,Usually no,0.2,Easy,"Silk, dual-color, glow",8,18,10.63,4,5,Keychain version; texture; multi-color caps; gift bundle,3D Printed Pop Fidget Chain – Custom Colors,"pop, fidget, chain, 3d printed, custom gift",Toys & Fidgets,Year-round,Re-check the live model page immediately before first commercial sale.
20,Mix 'n Match Twisty Fidget,Toys & Fidgets,3D Printy,https://www.printables.com/model/942534-mix-n-match-twisty-fidget,CC BY 4.0,Verified direct page,Catalog_Images/020_Mix_n_Match_Twisty_Fidget.png,2.2,62,1.12,Usually no,0.2,Easy,"Silk, dual-color, glow",8,18,10.63,4,5,Keychain version; texture; multi-color caps; gift bundle,3D Printed Mix 'n Match Twisty Fidget – Custom Colors,"mix, n, match, twisty, fidget, 3d printed, custom gift",Toys & Fidgets,Year-round,Re-check the live model page immediately before first commercial sale.
21,Keychain Pop Fidget,Keychains & Small Gifts,3D Printy,https://www.printables.com/model/769943-keychain-pop-fidget-multi-material-design,CC BY 4.0,Verified direct page,Catalog_Images/021_Keychain_Pop_Fidget.png,0.8,22,0.4,Usually no,0.2,Easy,"Bright, metallic, glow",4,12,6.35,3,5,Names; initials; QR code; color layers,3D Printed Keychain Pop Fidget – Custom Colors,"keychain, pop, fidget, 3d printed, custom gift",Keychains & Small Gifts,Year-round,Re-check the live model page immediately before first commercial sale.
22,Round Snappy Fidget Button,Toys & Fidgets,bnorick,https://www.printables.com/model/147185-round-snappy-fidget-button,CC BY 4.0,Verified direct page,Catalog_Images/022_Round_Snappy_Fidget_Button.png,2.2,62,1.12,Usually no,0.2,Easy,"Silk, dual-color, glow",8,18,10.63,4,5,Keychain version; texture; multi-color caps; gift bundle,3D Printed Round Snappy Fidget Button – Custom Colors,"round, snappy, fidget, button, 3d printed, custom gift",Toys & Fidgets,Year-round,Re-check the live model page immediately before first commercial sale.
23,Oldham Coupling Fidget,Toys & Fidgets,Unknown,https://www.printables.com/model/1765815-oldham-coupling-fidget-offset-shaft-constant-veloc,CC BY 4.0,Verified direct page,Catalog_Images/023_Oldham_Coupling_Fidget.png,2.2,62,1.12,Usually no,0.2,Easy,"Silk, dual-color, glow",8,18,10.63,4,5,Keychain version; texture; multi-color caps; gift bundle,3D Printed Oldham Coupling Fidget – Custom Colors,"oldham, coupling, fidget, 3d printed, custom gift",Toys & Fidgets,Year-round,Re-check the live model page immediately before first commercial sale.
24,Printy Panels Shelving System,Organization,3D Printy,https://www.printables.com/model/859807-printy-panels,CC BY 4.0,Verified direct page,Catalog_Images/024_Printy_Panels_Shelving_System.png,3.3,92,1.66,Usually no,0.28,Easy–Medium,"Gray, black, bright labels",8,25,13.59,5,4,Custom labels; modular sizes; magnets; wall/desk versions,3D Printed Printy Panels Shelving System – Custom Colors,"printy, panels, shelving, system, 3d printed, custom gift",Organization,Year-round,Re-check the live model page immediately before first commercial sale.
25,Gridfinity Printy Panels,Organization,3D Printy,https://www.printables.com/model/876807-printy-panels-gridfinity-panels,CC BY 4.0,Verified direct page,Catalog_Images/025_Gridfinity_Printy_Panels.png,3.3,92,1.66,Usually no,0.28,Easy–Medium,"Gray, black, bright labels",8,25,13.59,5,4,Custom labels; modular sizes; magnets; wall/desk versions,3D Printed Gridfinity Printy Panels – Custom Colors,"gridfinity, printy, panels, 3d printed, custom gift",Organization,Year-round,Re-check the live model page immediately before first commercial sale.
26,Simple USB Holder Parametric,Phone & Tech,Ethan Bayer,https://www.printables.com/model/1137822-simple-usb-holder-parametric,CC BY 4.0,Verified direct page,Catalog_Images/026_Simple_USB_Holder_Parametric.png,2.1,60,1.08,Usually no,0.4,Easy,"Matte black, white, brand colors",12,24,15.67,4,5,Name/logo; cable slot; device-size options; multi-color accent,3D Printed Simple USB Holder Parametric – Custom Colors,"simple, usb, holder, parametric, 3d printed, custom gift",Phone & Tech,Year-round,Re-check the live model page immediately before first commercial sale.
27,Openhearted Box,Boxes & Gifts,3D Printy,https://www.printables.com/model/1166240-openhearted-box,CC BY 4.0,Verified direct page,Catalog_Images/027_Openhearted_Box.png,4.1,115,2.07,Usually no,0.2,Easy–Medium,"Silk, marble, metallic",15,35,21.68,5,4,Initials; message insert; gift color themes; magnet option,3D Printed Openhearted Box – Custom Colors,"openhearted, box, 3d printed, custom gift",Boxes & Gifts,Year-round,Re-check the live model page immediately before first commercial sale.
28,Magnetic Dodecahedron Box,Boxes & Gifts,3D Printy,https://www.printables.com/model/790136-magnetic-dodecahedron-box,CC BY 4.0,Verified direct page,Catalog_Images/028_Magnetic_Dodecahedron_Box.png,4.1,115,2.07,Usually no,0.2,Easy–Medium,"Silk, marble, metallic",15,35,21.68,5,4,Initials; message insert; gift color themes; magnet option,3D Printed Magnetic Dodecahedron Box – Custom Colors,"magnetic, dodecahedron, box, 3d printed, custom gift",Boxes & Gifts,Year-round,Re-check the live model page immediately before first commercial sale.
29,Bountiful Packing Puzzle,Puzzles & Games,3D Printy,https://www.printables.com/model/1146113-bountiful-packing-puzzle,CC BY 4.0,Verified direct page,Catalog_Images/029_Bountiful_Packing_Puzzle.png,3.8,105,1.89,Usually no,0.2,Easy–Medium,Contrasting colors,12,30,17.86,5,4,Difficulty sizes; travel case; personalized lid; family set,3D Printed Bountiful Packing Puzzle – Custom Colors,"bountiful, packing, puzzle, 3d printed, custom gift",Puzzles & Games,Year-round,Re-check the live model page immediately before first commercial sale.
30,Torture Test Trophy,Novelty & Awards,3D Printy,https://www.printables.com/model/428481-torture-test-trophy,CC BY 4.0,Verified direct page,Catalog_Images/030_Torture_Test_Trophy.png,3.2,90,1.62,Usually no,0.2,Easy–Medium,"Gold, silver, marble",10,25,14.63,5,4,Custom wording; event date; nameplate; color accents,3D Printed Torture Test Trophy – Custom Colors,"torture, test, trophy, 3d printed, custom gift",Novelty & Awards,Year-round,Re-check the live model page immediately before first commercial sale.
31,Giant Snowman Easter Edition,Seasonal,3D Printy,https://www.printables.com/model/431947-giant-snowman-easter-edition,CC BY 4.0,Verified direct page,Catalog_Images/031_Giant_Snowman_Easter_Edition.png,4.0,112,2.02,Usually no,0.2,Easy–Medium,Holiday colors,10,30,16.73,5,4,Year/date; family names; ornament loop; gift sets,3D Printed Giant Snowman Easter Edition – Custom Colors,"giant, snowman, easter, edition, 3d printed, custom gift",Seasonal,Seasonal,Re-check the live model page immediately before first commercial sale.
32,Snowman Baseball Hat,Seasonal,AntToeKneeOh,https://www.printables.com/model/1105727-snowman-baseball-hat,CC BY 4.0,Verified direct page,Catalog_Images/032_Snowman_Baseball_Hat.png,4.0,112,2.02,Usually no,0.2,Easy–Medium,Holiday colors,10,30,16.73,5,4,Year/date; family names; ornament loop; gift sets,3D Printed Snowman Baseball Hat – Custom Colors,"snowman, baseball, hat, 3d printed, custom gift",Seasonal,Seasonal,Re-check the live model page immediately before first commercial sale.
33,Scarf and Collar for Posable Penguin,Seasonal,3D Printy,https://www.printables.com/model/708686-scarf-and-collar-for-posable-penguin-fidget,CC BY 4.0,Verified direct page,Catalog_Images/033_Scarf_and_Collar_for_Posable_Penguin.png,4.0,112,2.02,Usually no,0.2,Easy–Medium,Holiday colors,10,30,16.73,5,4,Year/date; family names; ornament loop; gift sets,3D Printed Scarf and Collar for Posable Penguin – Custom Colors,"scarf, and, collar, for, posable, 3d printed, custom gift",Seasonal,Seasonal,Re-check the live model page immediately before first commercial sale.
34,Dinosaur Coat Rack,Home & Wall,SLUB Makerspace,https://www.thingiverse.com/thing:4722369,CC BY-SA,Verified direct page,Catalog_Images/034_Dinosaur_Coat_Rack.png,3.9,110,1.98,Usually no,0.28,Easy–Medium,"Black, wood, marble",12,30,17.77,5,4,Hook count; mounting style; name/logo; matching sets,3D Printed Dinosaur Coat Rack – Custom Colors,"dinosaur, coat, rack, 3d printed, custom gift",Home & Wall,Year-round,Re-check the live model page immediately before first commercial sale.
35,Candelabra Skull,Decor,Pellinor1,https://www.thingiverse.com/thing:4638965,CC BY,Verified direct page,Catalog_Images/035_Candelabra_Skull.png,5.2,145,2.61,Check orientation,0.2,Easy–Medium,"Stone, metallic, matte",15,40,23.64,4,4,Size options; LED insert; custom base; themed finishes,3D Printed Candelabra Skull – Custom Colors,"candelabra, skull, 3d printed, custom gift",Decor,Year-round,Re-check the live model page immediately before first commercial sale.
36,Mr. Cart Quarter,Keychains & Small Gifts,Ahansen2112,https://www.thingiverse.com/thing:7123568,CC BY 4.0,Verified direct page,Catalog_Images/036_Mr_Cart_Quarter.png,0.8,22,0.4,Usually no,0.2,Easy,"Bright, metallic, glow",4,12,6.35,3,5,Names; initials; QR code; color layers,3D Printed Mr. Cart Quarter – Custom Colors,"mr, cart, quarter, 3d printed, custom gift",Keychains & Small Gifts,Year-round,Re-check the live model page immediately before first commercial sale.
37,Stackable Parts Bin,Organization,Select after review,https://www.printables.com/search/models?q=Stackable%20Parts%20Bin&licenses=7%3A1,REVIEW REQUIRED,Commercial-use filtered search queue,Catalog_Images/037_Stackable_Parts_Bin.png,3.3,92,1.66,Usually no,0.28,Easy–Medium,"Gray, black, bright labels",8,25,13.59,5,4,Custom labels; modular sizes; magnets; wall/desk versions,3D Printed Stackable Parts Bin – Custom Colors,"stackable, parts, bin, 3d printed, custom gift",Organization,Year-round,Re-check the live model page immediately before first commercial sale.
38,Drawer Label Clip,Organization,Select after review,https://www.printables.com/search/models?q=Drawer%20Label%20Clip&licenses=7%3A1,REVIEW REQUIRED,Commercial-use filtered search queue,Catalog_Images/038_Drawer_Label_Clip.png,3.3,92,1.66,Usually no,0.28,Easy–Medium,"Gray, black, bright labels",8,25,13.59,5,4,Custom labels; modular sizes; magnets; wall/desk versions,3D Printed Drawer Label Clip – Custom Colors,"drawer, label, clip, 3d printed, custom gift",Organization,Year-round,Re-check the live model page immediately before first commercial sale.
39,Pegboard Hook Set,Organization,Select after review,https://www.printables.com/search/models?q=Pegboard%20Hook%20Set&licenses=7%3A1,REVIEW REQUIRED,Commercial-use filtered search queue,Catalog_Images/039_Pegboard_Hook_Set.png,3.3,92,1.66,Usually no,0.28,Easy–Medium,"Gray, black, bright labels",8,25,13.59,5,4,Custom labels; modular sizes; magnets; wall/desk versions,3D Printed Pegboard Hook Set – Custom Colors,"pegboard, hook, set, 3d printed, custom gift",Organization,Year-round,Re-check the live model page immediately before first commercial sale.
40,Battery Holder,Workshop,Select after review,https://www.printables.com/search/models?q=Battery%20Holder&licenses=7%3A1,REVIEW REQUIRED,Commercial-use filtered search queue,Catalog_Images/040_Battery_Holder.png,3.0,85,1.53,Usually no,0.28,Easy–Medium,"Black, red, blue, gray",8,28,15.22,5,5,Tool-specific sizing; embossed labels; magnets; wall mount,3D Printed Battery Holder – Custom Colors,"battery, holder, 3d printed, custom gift",Workshop,Year-round,Re-check the live model page immediately before first commercial sale.
41,Socket Organizer,Workshop,Select after review,https://www.printables.com/search/models?q=Socket%20Organizer&licenses=7%3A1,REVIEW REQUIRED,Commercial-use filtered search queue,Catalog_Images/041_Socket_Organizer.png,3.0,85,1.53,Usually no,0.28,Easy–Medium,"Black, red, blue, gray",8,28,15.22,5,5,Tool-specific sizing; embossed labels; magnets; wall mount,3D Printed Socket Organizer – Custom Colors,"socket, organizer, 3d printed, custom gift",Workshop,Year-round,Re-check the live model page immediately before first commercial sale.
42,Screw Sorting Tray,Workshop,Select after review,https://www.printables.com/search/models?q=Screw%20Sorting%20Tray&licenses=7%3A1,REVIEW REQUIRED,Commercial-use filtered search queue,Catalog_Images/042_Screw_Sorting_Tray.png,3.0,85,1.53,Usually no,0.28,Easy–Medium,"Black, red, blue, gray",8,28,15.22,5,5,Tool-specific sizing; embossed labels; magnets; wall mount,3D Printed Screw Sorting Tray – Custom Colors,"screw, sorting, tray, 3d printed, custom gift",Workshop,Year-round,Re-check the live model page immediately before first commercial sale.
43,Drill Bit Index,Workshop,Select after review,https://www.printables.com/search/models?q=Drill%20Bit%20Index&licenses=7%3A1,REVIEW REQUIRED,Commercial-use filtered search queue,Catalog_Images/043_Drill_Bit_Index.png,3.0,85,1.53,Usually no,0.28,Easy–Medium,"Black, red, blue, gray",8,28,15.22,5,5,Tool-specific sizing; embossed labels; magnets; wall mount,3D Printed Drill Bit Index – Custom Colors,"drill, bit, index, 3d printed, custom gift",Workshop,Year-round,Re-check the live model page immediately before first commercial sale.
44,Hex Key Holder,Workshop,Select after review,https://www.printables.com/search/models?q=Hex%20Key%20Holder&licenses=7%3A1,REVIEW REQUIRED,Commercial-use filtered search queue,Catalog_Images/044_Hex_Key_Holder.png,3.0,85,1.53,Usually no,0.28,Easy–Medium,"Black, red, blue, gray",8,28,15.22,5,5,Tool-specific sizing; embossed labels; magnets; wall mount,3D Printed Hex Key Holder – Custom Colors,"hex, key, holder, 3d printed, custom gift",Workshop,Year-round,Re-check the live model page immediately before first commercial sale.
45,Sandpaper Organizer,Workshop,Select after review,https://www.printables.com/search/models?q=Sandpaper%20Organizer&licenses=7%3A1,REVIEW REQUIRED,Commercial-use filtered search queue,Catalog_Images/045_Sandpaper_Organizer.png,3.0,85,1.53,Usually no,0.28,Easy–Medium,"Black, red, blue, gray",8,28,15.22,5,5,Tool-specific sizing; embossed labels; magnets; wall mount,3D Printed Sandpaper Organizer – Custom Colors,"sandpaper, organizer, 3d printed, custom gift",Workshop,Year-round,Re-check the live model page immediately before first commercial sale.
46,Paint Brush Rack,Workshop,Select after review,https://www.printables.com/search/models?q=Paint%20Brush%20Rack&licenses=7%3A1,REVIEW REQUIRED,Commercial-use filtered search queue,Catalog_Images/046_Paint_Brush_Rack.png,3.0,85,1.53,Usually no,0.28,Easy–Medium,"Black, red, blue, gray",8,28,15.22,5,5,Tool-specific sizing; embossed labels; magnets; wall mount,3D Printed Paint Brush Rack – Custom Colors,"paint, brush, rack, 3d printed, custom gift",Workshop,Year-round,Re-check the live model page immediately before first commercial sale.
47,Glue Bottle Stand,Workshop,Select after review,https://www.printables.com/search/models?q=Glue%20Bottle%20Stand&licenses=7%3A1,REVIEW REQUIRED,Commercial-use filtered search queue,Catalog_Images/047_Glue_Bottle_Stand.png,3.0,85,1.53,Usually no,0.28,Easy–Medium,"Black, red, blue, gray",8,28,15.22,5,5,Tool-specific sizing; embossed labels; magnets; wall mount,3D Printed Glue Bottle Stand – Custom Colors,"glue, bottle, stand, 3d printed, custom gift",Workshop,Year-round,Re-check the live model page immediately before first commercial sale.
48,Small Tool Caddy,Workshop,Select after review,https://www.printables.com/search/models?q=Small%20Tool%20Caddy&licenses=7%3A1,REVIEW REQUIRED,Commercial-use filtered search queue,Catalog_Images/048_Small_Tool_Caddy.png,3.0,85,1.53,Usually no,0.28,Easy–Medium,"Black, red, blue, gray",8,28,15.22,5,5,Tool-specific sizing; embossed labels; magnets; wall mount,3D Printed Small Tool Caddy – Custom Colors,"small, tool, caddy, 3d printed, custom gift",Workshop,Year-round,Re-check the live model page immediately before first commercial sale.
49,Headphone Hanger,Phone & Tech,Select after review,https://www.printables.com/search/models?q=Headphone%20Hanger&licenses=7%3A1,REVIEW REQUIRED,Commercial-use filtered search queue,Catalog_Images/049_Headphone_Hanger.png,2.1,60,1.08,Usually no,0.4,Easy,"Matte black, white, brand colors",12,24,15.67,4,5,Name/logo; cable slot; device-size options; multi-color accent,3D Printed Headphone Hanger – Custom Colors,"headphone, hanger, 3d printed, custom gift",Phone & Tech,Year-round,Re-check the live model page immediately before first commercial sale.
50,Controller Stand,Phone & Tech,Select after review,https://www.printables.com/search/models?q=Controller%20Stand&licenses=7%3A1,REVIEW REQUIRED,Commercial-use filtered search queue,Catalog_Images/050_Controller_Stand.png,2.1,60,1.08,Usually no,0.4,Easy,"Matte black, white, brand colors",12,24,15.67,4,5,Name/logo; cable slot; device-size options; multi-color accent,3D Printed Controller Stand – Custom Colors,"controller, stand, 3d printed, custom gift",Phone & Tech,Year-round,Re-check the live model page immediately before first commercial sale.
51,Watch Charging Stand,Phone & Tech,Select after review,https://www.printables.com/search/models?q=Watch%20Charging%20Stand&licenses=7%3A1,REVIEW REQUIRED,Commercial-use filtered search queue,Catalog_Images/051_Watch_Charging_Stand.png,2.1,60,1.08,Usually no,0.4,Easy,"Matte black, white, brand colors",12,24,15.67,4,5,Name/logo; cable slot; device-size options; multi-color accent,3D Printed Watch Charging Stand – Custom Colors,"watch, charging, stand, 3d printed, custom gift",Phone & Tech,Year-round,Re-check the live model page immediately before first commercial sale.
52,Tablet Stand,Phone & Tech,Select after review,https://www.printables.com/search/models?q=Tablet%20Stand&licenses=7%3A1,REVIEW REQUIRED,Commercial-use filtered search queue,Catalog_Images/052_Tablet_Stand.png,2.1,60,1.08,Usually no,0.4,Easy,"Matte black, white, brand colors",12,24,15.67,4,5,Name/logo; cable slot; device-size options; multi-color accent,3D Printed Tablet Stand – Custom Colors,"tablet, stand, 3d printed, custom gift",Phone & Tech,Year-round,Re-check the live model page immediately before first commercial sale.
53,SD Card Holder,Phone & Tech,Select after review,https://www.printables.com/search/models?q=SD%20Card%20Holder&licenses=7%3A1,REVIEW REQUIRED,Commercial-use filtered search queue,Catalog_Images/053_SD_Card_Holder.png,2.1,60,1.08,Usually no,0.4,Easy,"Matte black, white, brand colors",12,24,15.67,4,5,Name/logo; cable slot; device-size options; multi-color accent,3D Printed SD Card Holder – Custom Colors,"sd, card, holder, 3d printed, custom gift",Phone & Tech,Year-round,Re-check the live model page immediately before first commercial sale.
54,USB Cable Label Set,Phone & Tech,Select after review,https://www.printables.com/search/models?q=USB%20Cable%20Label%20Set&licenses=7%3A1,REVIEW REQUIRED,Commercial-use filtered search queue,Catalog_Images/054_USB_Cable_Label_Set.png,2.1,60,1.08,Usually no,0.4,Easy,"Matte black, white, brand colors",12,24,15.67,4,5,Name/logo; cable slot; device-size options; multi-color accent,3D Printed USB Cable Label Set – Custom Colors,"usb, cable, label, set, 3d printed, custom gift",Phone & Tech,Year-round,Re-check the live model page immediately before first commercial sale.
55,Desk Cable Grommet,Cable Management,Select after review,https://www.printables.com/search/models?q=Desk%20Cable%20Grommet&licenses=7%3A1,REVIEW REQUIRED,Commercial-use filtered search queue,Catalog_Images/055_Desk_Cable_Grommet.png,1.4,38,0.68,Usually no,0.3,Easy,"Black, gray, white",8,15,9.57,3,5,Size variants; screw/adhesive versions; logo; color coding,3D Printed Desk Cable Grommet – Custom Colors,"desk, cable, grommet, 3d printed, custom gift",Cable Management,Year-round,Re-check the live model page immediately before first commercial sale.
56,Under-Desk Cable Raceway,Cable Management,Select after review,https://www.printables.com/search/models?q=Under-Desk%20Cable%20Raceway&licenses=7%3A1,REVIEW REQUIRED,Commercial-use filtered search queue,Catalog_Images/056_Under_Desk_Cable_Raceway.png,1.4,38,0.68,Usually no,0.3,Easy,"Black, gray, white",8,15,9.57,3,5,Size variants; screw/adhesive versions; logo; color coding,3D Printed Under-Desk Cable Raceway – Custom Colors,"under, desk, cable, raceway, 3d printed, custom gift",Cable Management,Year-round,Re-check the live model page immediately before first commercial sale.
57,Earbud Case Holder,Phone & Tech,Select after review,https://www.printables.com/search/models?q=Earbud%20Case%20Holder&licenses=7%3A1,REVIEW REQUIRED,Commercial-use filtered search queue,Catalog_Images/057_Earbud_Case_Holder.png,2.1,60,1.08,Usually no,0.4,Easy,"Matte black, white, brand colors",12,24,15.67,4,5,Name/logo; cable slot; device-size options; multi-color accent,3D Printed Earbud Case Holder – Custom Colors,"earbud, case, holder, 3d printed, custom gift",Phone & Tech,Year-round,Re-check the live model page immediately before first commercial sale.
58,Laptop Vertical Stand,Phone & Tech,Select after review,https://www.printables.com/search/models?q=Laptop%20Vertical%20Stand&licenses=7%3A1,REVIEW REQUIRED,Commercial-use filtered search queue,Catalog_Images/058_Laptop_Vertical_Stand.png,2.1,60,1.08,Usually no,0.4,Easy,"Matte black, white, brand colors",12,24,15.67,4,5,Name/logo; cable slot; device-size options; multi-color accent,3D Printed Laptop Vertical Stand – Custom Colors,"laptop, vertical, stand, 3d printed, custom gift",Phone & Tech,Year-round,Re-check the live model page immediately before first commercial sale.
59,Webcam Privacy Slider,Phone & Tech,Select after review,https://www.printables.com/search/models?q=Webcam%20Privacy%20Slider&licenses=7%3A1,REVIEW REQUIRED,Commercial-use filtered search queue,Catalog_Images/059_Webcam_Privacy_Slider.png,2.1,60,1.08,Usually no,0.4,Easy,"Matte black, white, brand colors",12,24,15.67,4,5,Name/logo; cable slot; device-size options; multi-color accent,3D Printed Webcam Privacy Slider – Custom Colors,"webcam, privacy, slider, 3d printed, custom gift",Phone & Tech,Year-round,Re-check the live model page immediately before first commercial sale.
60,Pen Cup,Desk Accessories,Select after review,https://www.printables.com/search/models?q=Pen%20Cup&licenses=7%3A1,REVIEW REQUIRED,Commercial-use filtered search queue,Catalog_Images/060_Pen_Cup.png,2.6,72,1.3,Usually no,0.24,Easy,"Matte, marble, business colors",8,25,13.95,5,5,Logo; name; compartment options; matching office set,3D Printed Pen Cup – Custom Colors,"pen, cup, 3d printed, custom gift",Desk Accessories,Year-round,Re-check the live model page immediately before first commercial sale.
61,Business Card Holder,Desk Accessories,Select after review,https://www.printables.com/search/models?q=Business%20Card%20Holder&licenses=7%3A1,REVIEW REQUIRED,Commercial-use filtered search queue,Catalog_Images/061_Business_Card_Holder.png,2.6,72,1.3,Usually no,0.24,Easy,"Matte, marble, business colors",8,25,13.95,5,5,Logo; name; compartment options; matching office set,3D Printed Business Card Holder – Custom Colors,"business, card, holder, 3d printed, custom gift",Desk Accessories,Year-round,Re-check the live model page immediately before first commercial sale.
62,Sticky Note Holder,Desk Accessories,Select after review,https://www.printables.com/search/models?q=Sticky%20Note%20Holder&licenses=7%3A1,REVIEW REQUIRED,Commercial-use filtered search queue,Catalog_Images/062_Sticky_Note_Holder.png,2.6,72,1.3,Usually no,0.24,Easy,"Matte, marble, business colors",8,25,13.95,5,5,Logo; name; compartment options; matching office set,3D Printed Sticky Note Holder – Custom Colors,"sticky, note, holder, 3d printed, custom gift",Desk Accessories,Year-round,Re-check the live model page immediately before first commercial sale.
63,Paper Clip Dish,Desk Accessories,Select after review,https://www.printables.com/search/models?q=Paper%20Clip%20Dish&licenses=7%3A1,REVIEW REQUIRED,Commercial-use filtered search queue,Catalog_Images/063_Paper_Clip_Dish.png,2.6,72,1.3,Usually no,0.24,Easy,"Matte, marble, business colors",8,25,13.95,5,5,Logo; name; compartment options; matching office set,3D Printed Paper Clip Dish – Custom Colors,"paper, clip, dish, 3d printed, custom gift",Desk Accessories,Year-round,Re-check the live model page immediately before first commercial sale.
64,Monitor Memo Board,Desk Accessories,Select after review,https://www.printables.com/search/models?q=Monitor%20Memo%20Board&licenses=7%3A1,REVIEW REQUIRED,Commercial-use filtered search queue,Catalog_Images/064_Monitor_Memo_Board.png,2.6,72,1.3,Usually no,0.24,Easy,"Matte, marble, business colors",8,25,13.95,5,5,Logo; name; compartment options; matching office set,3D Printed Monitor Memo Board – Custom Colors,"monitor, memo, board, 3d printed, custom gift",Desk Accessories,Year-round,Re-check the live model page immediately before first commercial sale.
65,Desk Name Plate,Desk Accessories,Select after review,https://www.printables.com/search/models?q=Desk%20Name%20Plate&licenses=7%3A1,REVIEW REQUIRED,Commercial-use filtered search queue,Catalog_Images/065_Desk_Name_Plate.png,2.6,72,1.3,Usually no,0.24,Easy,"Matte, marble, business colors",8,25,13.95,5,5,Logo; name; compartment options; matching office set,3D Printed Desk Name Plate – Custom Colors,"desk, name, plate, 3d printed, custom gift",Desk Accessories,Year-round,Re-check the live model page immediately before first commercial sale.
66,Coaster Set,Home & Kitchen,Select after review,https://www.printables.com/search/models?q=Coaster%20Set&licenses=7%3A1,REVIEW REQUIRED,Commercial-use filtered search queue,Catalog_Images/066_Coaster_Set.png,2.9,80,1.44,Usually no,0.24,Easy,"Neutral, marble, bright",8,24,13.31,4,5,Size options; labels; drain holes; bundle sets,3D Printed Coaster Set – Custom Colors,"coaster, set, 3d printed, custom gift",Home & Kitchen,Year-round,Re-check the live model page immediately before first commercial sale.
67,Bag Clip Set,Home & Kitchen,Select after review,https://www.printables.com/search/models?q=Bag%20Clip%20Set&licenses=7%3A1,REVIEW REQUIRED,Commercial-use filtered search queue,Catalog_Images/067_Bag_Clip_Set.png,2.9,80,1.44,Usually no,0.24,Easy,"Neutral, marble, bright",8,24,13.31,4,5,Size options; labels; drain holes; bundle sets,3D Printed Bag Clip Set – Custom Colors,"bag, clip, set, 3d printed, custom gift",Home & Kitchen,Year-round,Re-check the live model page immediately before first commercial sale.
68,Sponge Holder,Home & Kitchen,Select after review,https://www.printables.com/search/models?q=Sponge%20Holder&licenses=7%3A1,REVIEW REQUIRED,Commercial-use filtered search queue,Catalog_Images/068_Sponge_Holder.png,2.9,80,1.44,Usually no,0.24,Easy,"Neutral, marble, bright",8,24,13.31,4,5,Size options; labels; drain holes; bundle sets,3D Printed Sponge Holder – Custom Colors,"sponge, holder, 3d printed, custom gift",Home & Kitchen,Year-round,Re-check the live model page immediately before first commercial sale.
69,Soap Dish,Home & Kitchen,Select after review,https://www.printables.com/search/models?q=Soap%20Dish&licenses=7%3A1,REVIEW REQUIRED,Commercial-use filtered search queue,Catalog_Images/069_Soap_Dish.png,2.9,80,1.44,Usually no,0.24,Easy,"Neutral, marble, bright",8,24,13.31,4,5,Size options; labels; drain holes; bundle sets,3D Printed Soap Dish – Custom Colors,"soap, dish, 3d printed, custom gift",Home & Kitchen,Year-round,Re-check the live model page immediately before first commercial sale.
70,Tea Bag Organizer,Home & Kitchen,Select after review,https://www.printables.com/search/models?q=Tea%20Bag%20Organizer&licenses=7%3A1,REVIEW REQUIRED,Commercial-use filtered search queue,Catalog_Images/070_Tea_Bag_Organizer.png,2.9,80,1.44,Usually no,0.24,Easy,"Neutral, marble, bright",8,24,13.31,4,5,Size options; labels; drain holes; bundle sets,3D Printed Tea Bag Organizer – Custom Colors,"tea, bag, organizer, 3d printed, custom gift",Home & Kitchen,Year-round,Re-check the live model page immediately before first commercial sale.
71,Measuring Spoon Holder,Home & Kitchen,Select after review,https://www.printables.com/search/models?q=Measuring%20Spoon%20Holder&licenses=7%3A1,REVIEW REQUIRED,Commercial-use filtered search queue,Catalog_Images/071_Measuring_Spoon_Holder.png,2.9,80,1.44,Usually no,0.24,Easy,"Neutral, marble, bright",8,24,13.31,4,5,Size options; labels; drain holes; bundle sets,3D Printed Measuring Spoon Holder – Custom Colors,"measuring, spoon, holder, 3d printed, custom gift",Home & Kitchen,Year-round,Re-check the live model page immediately before first commercial sale.
72,Toothbrush Stand,Bathroom,Select after review,https://www.printables.com/search/models?q=Toothbrush%20Stand&licenses=7%3A1,REVIEW REQUIRED,Commercial-use filtered search queue,Catalog_Images/072_Toothbrush_Stand.png,2.4,68,1.22,Usually no,0.24,Easy,"White, marble, translucent PETG",8,22,12.53,4,5,Drainage; family names; matching sets; wall mount,3D Printed Toothbrush Stand – Custom Colors,"toothbrush, stand, 3d printed, custom gift",Bathroom,Year-round,Re-check the live model page immediately before first commercial sale.
73,Razor Holder,Bathroom,Select after review,https://www.printables.com/search/models?q=Razor%20Holder&licenses=7%3A1,REVIEW REQUIRED,Commercial-use filtered search queue,Catalog_Images/073_Razor_Holder.png,2.4,68,1.22,Usually no,0.24,Easy,"White, marble, translucent PETG",8,22,12.53,4,5,Drainage; family names; matching sets; wall mount,3D Printed Razor Holder – Custom Colors,"razor, holder, 3d printed, custom gift",Bathroom,Year-round,Re-check the live model page immediately before first commercial sale.
74,Cotton Swab Jar,Bathroom,Select after review,https://www.printables.com/search/models?q=Cotton%20Swab%20Jar&licenses=7%3A1,REVIEW REQUIRED,Commercial-use filtered search queue,Catalog_Images/074_Cotton_Swab_Jar.png,2.4,68,1.22,Usually no,0.24,Easy,"White, marble, translucent PETG",8,22,12.53,4,5,Drainage; family names; matching sets; wall mount,3D Printed Cotton Swab Jar – Custom Colors,"cotton, swab, jar, 3d printed, custom gift",Bathroom,Year-round,Re-check the live model page immediately before first commercial sale.
75,Plant Pot,Planters,Select after review,https://www.printables.com/search/models?q=Plant%20Pot&licenses=7%3A1,REVIEW REQUIRED,Commercial-use filtered search queue,Catalog_Images/075_Plant_Pot.png,4.7,132,2.38,Usually no,0.28,Easy–Medium,"Terracotta, marble, wood",10,38,20.37,4,4,Drainage tray; custom text; geometric texture; size sets,3D Printed Plant Pot – Custom Colors,"plant, pot, 3d printed, custom gift",Planters,Year-round,Re-check the live model page immediately before first commercial sale.
76,Self-Watering Planter,Planters,Select after review,https://www.printables.com/search/models?q=Self-Watering%20Planter&licenses=7%3A1,REVIEW REQUIRED,Commercial-use filtered search queue,Catalog_Images/076_Self_Watering_Planter.png,4.7,132,2.38,Usually no,0.28,Easy–Medium,"Terracotta, marble, wood",10,38,20.37,4,4,Drainage tray; custom text; geometric texture; size sets,3D Printed Self-Watering Planter – Custom Colors,"self, watering, planter, 3d printed, custom gift",Planters,Year-round,Re-check the live model page immediately before first commercial sale.
77,Propagation Tube Stand,Planters,Select after review,https://www.printables.com/search/models?q=Propagation%20Tube%20Stand&licenses=7%3A1,REVIEW REQUIRED,Commercial-use filtered search queue,Catalog_Images/077_Propagation_Tube_Stand.png,4.7,132,2.38,Usually no,0.28,Easy–Medium,"Terracotta, marble, wood",10,38,20.37,4,4,Drainage tray; custom text; geometric texture; size sets,3D Printed Propagation Tube Stand – Custom Colors,"propagation, tube, stand, 3d printed, custom gift",Planters,Year-round,Re-check the live model page immediately before first commercial sale.
78,Succulent Pot,Planters,Select after review,https://www.printables.com/search/models?q=Succulent%20Pot&licenses=7%3A1,REVIEW REQUIRED,Commercial-use filtered search queue,Catalog_Images/078_Succulent_Pot.png,4.7,132,2.38,Usually no,0.28,Easy–Medium,"Terracotta, marble, wood",10,38,20.37,4,4,Drainage tray; custom text; geometric texture; size sets,3D Printed Succulent Pot – Custom Colors,"succulent, pot, 3d printed, custom gift",Planters,Year-round,Re-check the live model page immediately before first commercial sale.
79,Hanging Planter,Planters,Select after review,https://www.printables.com/search/models?q=Hanging%20Planter&licenses=7%3A1,REVIEW REQUIRED,Commercial-use filtered search queue,Catalog_Images/079_Hanging_Planter.png,4.7,132,2.38,Usually no,0.28,Easy–Medium,"Terracotta, marble, wood",10,38,20.37,4,4,Drainage tray; custom text; geometric texture; size sets,3D Printed Hanging Planter – Custom Colors,"hanging, planter, 3d printed, custom gift",Planters,Year-round,Re-check the live model page immediately before first commercial sale.
80,Seed Starter Tray,Planters,Select after review,https://www.printables.com/search/models?q=Seed%20Starter%20Tray&licenses=7%3A1,REVIEW REQUIRED,Commercial-use filtered search queue,Catalog_Images/080_Seed_Starter_Tray.png,4.7,132,2.38,Usually no,0.28,Easy–Medium,"Terracotta, marble, wood",10,38,20.37,4,4,Drainage tray; custom text; geometric texture; size sets,3D Printed Seed Starter Tray – Custom Colors,"seed, starter, tray, 3d printed, custom gift",Planters,Year-round,Re-check the live model page immediately before first commercial sale.
81,Keychain Name Tag,Keychains & Small Gifts,Select after review,https://www.printables.com/search/models?q=Keychain%20Name%20Tag&licenses=7%3A1,REVIEW REQUIRED,Commercial-use filtered search queue,Catalog_Images/081_Keychain_Name_Tag.png,0.8,22,0.4,Usually no,0.2,Easy,"Bright, metallic, glow",4,12,6.35,3,5,Names; initials; QR code; color layers,3D Printed Keychain Name Tag – Custom Colors,"keychain, name, tag, 3d printed, custom gift",Keychains & Small Gifts,Year-round,Re-check the live model page immediately before first commercial sale.
82,Shopping Cart Token,Keychains & Small Gifts,Select after review,https://www.printables.com/search/models?q=Shopping%20Cart%20Token&licenses=7%3A1,REVIEW REQUIRED,Commercial-use filtered search queue,Catalog_Images/082_Shopping_Cart_Token.png,0.8,22,0.4,Usually no,0.2,Easy,"Bright, metallic, glow",4,12,6.35,3,5,Names; initials; QR code; color layers,3D Printed Shopping Cart Token – Custom Colors,"shopping, cart, token, 3d printed, custom gift",Keychains & Small Gifts,Year-round,Re-check the live model page immediately before first commercial sale.
83,Mini Flashlight Keychain,Keychains & Small Gifts,Select after review,https://www.printables.com/search/models?q=Mini%20Flashlight%20Keychain&licenses=7%3A1,REVIEW REQUIRED,Commercial-use filtered search queue,Catalog_Images/083_Mini_Flashlight_Keychain.png,0.8,22,0.4,Usually no,0.2,Easy,"Bright, metallic, glow",4,12,6.35,3,5,Names; initials; QR code; color layers,3D Printed Mini Flashlight Keychain – Custom Colors,"mini, flashlight, keychain, 3d printed, custom gift",Keychains & Small Gifts,Year-round,Re-check the live model page immediately before first commercial sale.
84,Pet ID Tag,Pet Accessories,Select after review,https://www.printables.com/search/models?q=Pet%20ID%20Tag&licenses=7%3A1,REVIEW REQUIRED,Commercial-use filtered search queue,Catalog_Images/084_Pet_ID_Tag.png,2.1,58,1.04,Usually no,0.24,Easy,Pet color themes,6,22,11.71,4,5,Pet name; phone number; breed silhouette; size options,3D Printed Pet ID Tag – Custom Colors,"pet, id, tag, 3d printed, custom gift",Pet Accessories,Year-round,Re-check the live model page immediately before first commercial sale.
85,Dog Leash Hook,Pet Accessories,Select after review,https://www.printables.com/search/models?q=Dog%20Leash%20Hook&licenses=7%3A1,REVIEW REQUIRED,Commercial-use filtered search queue,Catalog_Images/085_Dog_Leash_Hook.png,2.1,58,1.04,Usually no,0.24,Easy,Pet color themes,6,22,11.71,4,5,Pet name; phone number; breed silhouette; size options,3D Printed Dog Leash Hook – Custom Colors,"dog, leash, hook, 3d printed, custom gift",Pet Accessories,Year-round,Re-check the live model page immediately before first commercial sale.
86,Cat Toy Ball,Pet Accessories,Select after review,https://www.printables.com/search/models?q=Cat%20Toy%20Ball&licenses=7%3A1,REVIEW REQUIRED,Commercial-use filtered search queue,Catalog_Images/086_Cat_Toy_Ball.png,2.1,58,1.04,Usually no,0.24,Easy,Pet color themes,6,22,11.71,4,5,Pet name; phone number; breed silhouette; size options,3D Printed Cat Toy Ball – Custom Colors,"cat, toy, ball, 3d printed, custom gift",Pet Accessories,Year-round,Re-check the live model page immediately before first commercial sale.
87,Treat Scoop,Pet Accessories,Select after review,https://www.printables.com/search/models?q=Treat%20Scoop&licenses=7%3A1,REVIEW REQUIRED,Commercial-use filtered search queue,Catalog_Images/087_Treat_Scoop.png,2.1,58,1.04,Usually no,0.24,Easy,Pet color themes,6,22,11.71,4,5,Pet name; phone number; breed silhouette; size options,3D Printed Treat Scoop – Custom Colors,"treat, scoop, 3d printed, custom gift",Pet Accessories,Year-round,Re-check the live model page immediately before first commercial sale.
88,Collar Organizer,Pet Accessories,Select after review,https://www.printables.com/search/models?q=Collar%20Organizer&licenses=7%3A1,REVIEW REQUIRED,Commercial-use filtered search queue,Catalog_Images/088_Collar_Organizer.png,2.1,58,1.04,Usually no,0.24,Easy,Pet color themes,6,22,11.71,4,5,Pet name; phone number; breed silhouette; size options,3D Printed Collar Organizer – Custom Colors,"collar, organizer, 3d printed, custom gift",Pet Accessories,Year-round,Re-check the live model page immediately before first commercial sale.
89,Puzzle Box,Puzzles & Games,Select after review,https://www.printables.com/search/models?q=Puzzle%20Box&licenses=7%3A1,REVIEW REQUIRED,Commercial-use filtered search queue,Catalog_Images/089_Puzzle_Box.png,3.8,105,1.89,Usually no,0.2,Easy–Medium,Contrasting colors,12,30,17.86,5,4,Difficulty sizes; travel case; personalized lid; family set,3D Printed Puzzle Box – Custom Colors,"puzzle, box, 3d printed, custom gift",Puzzles & Games,Year-round,Re-check the live model page immediately before first commercial sale.
90,Tic Tac Toe Set,Puzzles & Games,Select after review,https://www.printables.com/search/models?q=Tic%20Tac%20Toe%20Set&licenses=7%3A1,REVIEW REQUIRED,Commercial-use filtered search queue,Catalog_Images/090_Tic_Tac_Toe_Set.png,3.8,105,1.89,Usually no,0.2,Easy–Medium,Contrasting colors,12,30,17.86,5,4,Difficulty sizes; travel case; personalized lid; family set,3D Printed Tic Tac Toe Set – Custom Colors,"tic, tac, toe, set, 3d printed, custom gift",Puzzles & Games,Year-round,Re-check the live model page immediately before first commercial sale.
91,Travel Checkers,Puzzles & Games,Select after review,https://www.printables.com/search/models?q=Travel%20Checkers&licenses=7%3A1,REVIEW REQUIRED,Commercial-use filtered search queue,Catalog_Images/091_Travel_Checkers.png,3.8,105,1.89,Usually no,0.2,Easy–Medium,Contrasting colors,12,30,17.86,5,4,Difficulty sizes; travel case; personalized lid; family set,3D Printed Travel Checkers – Custom Colors,"travel, checkers, 3d printed, custom gift",Puzzles & Games,Year-round,Re-check the live model page immediately before first commercial sale.
92,Maze Fidget,Toys & Fidgets,Select after review,https://www.printables.com/search/models?q=Maze%20Fidget&licenses=7%3A1,REVIEW REQUIRED,Commercial-use filtered search queue,Catalog_Images/092_Maze_Fidget.png,2.2,62,1.12,Usually no,0.2,Easy,"Silk, dual-color, glow",8,18,10.63,4,5,Keychain version; texture; multi-color caps; gift bundle,3D Printed Maze Fidget – Custom Colors,"maze, fidget, 3d printed, custom gift",Toys & Fidgets,Year-round,Re-check the live model page immediately before first commercial sale.
93,Infinity Cube,Toys & Fidgets,Select after review,https://www.printables.com/search/models?q=Infinity%20Cube&licenses=7%3A1,REVIEW REQUIRED,Commercial-use filtered search queue,Catalog_Images/093_Infinity_Cube.png,2.2,62,1.12,Usually no,0.2,Easy,"Silk, dual-color, glow",8,18,10.63,4,5,Keychain version; texture; multi-color caps; gift bundle,3D Printed Infinity Cube – Custom Colors,"infinity, cube, 3d printed, custom gift",Toys & Fidgets,Year-round,Re-check the live model page immediately before first commercial sale.
94,Gear Spinner,Toys & Fidgets,Select after review,https://www.printables.com/search/models?q=Gear%20Spinner&licenses=7%3A1,REVIEW REQUIRED,Commercial-use filtered search queue,Catalog_Images/094_Gear_Spinner.png,2.2,62,1.12,Usually no,0.2,Easy,"Silk, dual-color, glow",8,18,10.63,4,5,Keychain version; texture; multi-color caps; gift bundle,3D Printed Gear Spinner – Custom Colors,"gear, spinner, 3d printed, custom gift",Toys & Fidgets,Year-round,Re-check the live model page immediately before first commercial sale.
95,Articulated Snake,Toys & Figures,Select after review,https://www.printables.com/search/models?q=Articulated%20Snake&licenses=7%3A1,REVIEW REQUIRED,Commercial-use filtered search queue,Catalog_Images/095_Articulated_Snake.png,4.3,120,2.16,Check orientation,0.2,Easy–Medium,"Rainbow silk, bright colors",12,28,16.59,5,4,Size tiers; themed colors; name tag; bundle/family sets,3D Printed Articulated Snake – Custom Colors,"articulated, snake, 3d printed, custom gift",Toys & Figures,Year-round,Re-check the live model page immediately before first commercial sale.
96,Articulated Lizard,Toys & Figures,Select after review,https://www.printables.com/search/models?q=Articulated%20Lizard&licenses=7%3A1,REVIEW REQUIRED,Commercial-use filtered search queue,Catalog_Images/096_Articulated_Lizard.png,4.3,120,2.16,Check orientation,0.2,Easy–Medium,"Rainbow silk, bright colors",12,28,16.59,5,4,Size tiers; themed colors; name tag; bundle/family sets,3D Printed Articulated Lizard – Custom Colors,"articulated, lizard, 3d printed, custom gift",Toys & Figures,Year-round,Re-check the live model page immediately before first commercial sale.
97,Robot Figure,Toys & Figures,Select after review,https://www.printables.com/search/models?q=Robot%20Figure&licenses=7%3A1,REVIEW REQUIRED,Commercial-use filtered search queue,Catalog_Images/097_Robot_Figure.png,4.3,120,2.16,Check orientation,0.2,Easy–Medium,"Rainbow silk, bright colors",12,28,16.59,5,4,Size tiers; themed colors; name tag; bundle/family sets,3D Printed Robot Figure – Custom Colors,"robot, figure, 3d printed, custom gift",Toys & Figures,Year-round,Re-check the live model page immediately before first commercial sale.
98,Mini Dinosaur,Toys & Figures,Select after review,https://www.printables.com/search/models?q=Mini%20Dinosaur&licenses=7%3A1,REVIEW REQUIRED,Commercial-use filtered search queue,Catalog_Images/098_Mini_Dinosaur.png,4.3,120,2.16,Check orientation,0.2,Easy–Medium,"Rainbow silk, bright colors",12,28,16.59,5,4,Size tiers; themed colors; name tag; bundle/family sets,3D Printed Mini Dinosaur – Custom Colors,"mini, dinosaur, 3d printed, custom gift",Toys & Figures,Year-round,Re-check the live model page immediately before first commercial sale.
99,Flexi Fish,Toys & Figures,Select after review,https://www.printables.com/search/models?q=Flexi%20Fish&licenses=7%3A1,REVIEW REQUIRED,Commercial-use filtered search queue,Catalog_Images/099_Flexi_Fish.png,4.3,120,2.16,Check orientation,0.2,Easy–Medium,"Rainbow silk, bright colors",12,28,16.59,5,4,Size tiers; themed colors; name tag; bundle/family sets,3D Printed Flexi Fish – Custom Colors,"flexi, fish, 3d printed, custom gift",Toys & Figures,Year-round,Re-check the live model page immediately before first commercial sale.
100,Jointed Caterpillar,Toys & Figures,Select after review,https://www.printables.com/search/models?q=Jointed%20Caterpillar&licenses=7%3A1,REVIEW REQUIRED,Commercial-use filtered search queue,Catalog_Images/100_Jointed_Caterpillar.png,4.3,120,2.16,Check orientation,0.2,Easy–Medium,"Rainbow silk, bright colors",12,28,16.59,5,4,Size tiers; themed colors; name tag; bundle/family sets,3D Printed Jointed Caterpillar – Custom Colors,"jointed, caterpillar, 3d printed, custom gift",Toys & Figures,Year-round,Re-check the live model page immediately before first commercial sale.
